Location,,ContainerID,Alms,LoadPort,Disch.Port,Monitored,,,Temp SP,Supply,,Return,,O2 Exp.,O2 SP,O2,CO2 Exp.,,CO2 SP,CO2,,N2
181006,,CGMU5031774,0,MXVER,ITGOA/CRMOB/ITGOA,Checked,,,1,2,,1.65,,,,,,,,,,
,,RMMU2227120,2,,,Checked,,,,,,,,,,,,,,,,
181010,,CGMU5036694,0,MXVER,ITGOA/CISPY/ITGOA,Unchecked,,,1,1.1,,1.7,,,,,,,,,,
181008,,CRSU6099134,0,MXVER,ITGOA/CISPY/ITGOA,Unchecked,,,1,1.1,,1.7,,,,,,,,,,
460286,,CGMU9369970,0,USHOU,ESVLC/BRSSZ/ESVLC,Unchecked,,,9,9.1,,9.2,,,,,,,,,,
500182,,CGMU5400358,0,PAMIT,ITLIV/PAMIT/ITLIV,Checked,,,10,10.1,,10.8,,,,,,,,,,
500384,,CGMU5198273,0,PAMIT,ITLIV/PAMIT/ITLIV,Checked,,,10,10.06,,9.99,,,,,,,,,,
460482,,CGMU5113086,0,PAMIT,ESVLC/NICIO,Checked,,,-22,-29.6,,-22.9,,,,,,,,,,
420302,,SZLU9495048,0,PAMIT,ESBCN/MXZLO,Checked,,,-20,-18.88,,-19.85,,,,,,,,,,
420308,,CGMU5522192,0,PAMIT,ESBCN/PAMIT,Checked,,,-20,-23.3,,-19.1,,,,,,,,,,
420306,,CGMU5521175,0,PAMIT,ESBCN/PECLL,Checked,,,-20,-25.1,,-19.3,,,,,,,,,,
420304,,CGMU5475790,0,PAMIT,ESBCN/MAAGA,Checked,,,-20,-19.6,,-20.27,,,,,,,,,,
500382,,SZLU9826001,0,PAMIT,ITLIV/MXZLO/ITLIV,Unchecked,,,10,9.9,,10.5,,,,,,,,,,
060482(*),,CGMU5253350,0,PAMIT,MTMLA/NICIO,Checked,,,13.3,13.25,,13.41,,,,,,,,,,
460484,,CGMU5363927,0,PAMIT,ESVLC/NICIO,Unchecked,,,-20,-21.7,,-20.5,,,,,,,,,,
501084,,TLLU1051781,0,CRMOB,ITLIV/MXZLO,Unchecked,,,6.5,6.4,,6.7,,,,,,,,,,
141582,,GESU9589771,0,CRMOB,ITLIV/MAAGA,Unchecked,,,7,6.8,,7.2,,,,,,,,,,
501484,,CXRU1386573,0,CRMOB,ITLIV/USHOU,Unchecked,,,6.5,6.4,,6.9,,,,,,,,,,
501482,,CGMU5348809,0,CRMOB,ITLIV/CRMOB,Unchecked,,,13.3,13.8,,13.7,,,,,,,,,,
100082,,CGMU9374827,0,CRMOB,ITLIV/CRMOB,Checked,,,13.3,12.73,,13.53,,,,,,,,,,
140782,,CXRU1554091,0,CRMOB,ITLIV/CRMOB,Unchecked,,,13.3,12.8,,14.1,,,,,,,,,,
100088,,CGMU6539060,0,CRMOB,ITLIV/CISPY,Checked,,,13.31,13.38,,13.63,,,,,,,,,,
220182,,TTNU8635958,0,CRMOB,ITLIV/BRFOR,Unchecked,,,13.3,13.4,,13.5,,,0,20.5,,,0,0.3,,
180806,,TTNU8308913,0,CRMOB,ITGOA/MAAGA,Unchecked,,,6.5,6.5,,6.9,,,,,,,,,,
341384,,SZLU9024454,0,CRMOB,ITLIV/CRMOB,Unchecked,,,6.5,6.4,,6.6,,,,,,,,,,
100786,,SEGU9225250,0,CRMOB,ITLIV/CRMOB,Unchecked,,,6.5,6.7,,6.8,,,,,,,,,,
261384,,CAIU5547836,0,CRMOB,ITLIV/CRMOB,Unchecked,,,6.5,6.3,,6.8,,,,,,,,,,
100784,,TLLU1068871,0,CRMOB,ITLIV/BRPNG,Checked,,,13.81,13.81,,13.88,,,0,20.9,,,0,0.3,,
260308,,CGMU5572932,0,CRMOB,ESBCN/MQFDF,Checked,,,13,13,,13.3,,,,,,,,,,
220482,,CGMU5085169,0,CRMOB,ITLIV/LKCMB,Unchecked,,,13.5,13.2,,13.8,,,,,,,,,,
380084,,GVCU7503072,0,CRMOB,ITLIV/CRMOB,Unchecked,,,13.5,13.1,,13.9,,,,,,,,,,
061584(*),,TTNU8658362,0,CRMOB,MTMLA/CRMOB,Checked,,,13.3,13.38,,13.22,,,,,,,,,,
140982,,TCLU1049723,0,CRMOB,ITLIV/MAAGA,Unchecked,,,13.9,13.9,,14.3,,,,,,,,,,
340582,,CGMU5078560,0,CRMOB,ITLIV/MAAGA,Unchecked,,,13.9,14.8,,14.8,,,,,,,,,,
261184,,TCLU1033157,0,CRMOB,ITLIV/CRMOB,Unchecked,,,13.9,14.1,,14.3,,,,,,,,,,
260304,,SEGU9225964,0,CRMOB,ESBCN/ESALG,Unchecked,,,13.9,13.6,,14.3,,,,,,,,,,
580882,,APRU5705068,0,CRMOB,ITLIV/CRMOB,Unchecked,,,13.9,13.4,,14.1,,,,,,,,,,
260312,,TRIU8500258,0,CRMOB,ESBCN/CRMOB,Unchecked,,,13.9,13.9,,14,,,,,,,,,,
580482,,TCLU1010249,0,CRMOB,ITLIV/CRMOB,Unchecked,,,13.9,13.3,,14.2,,,,,,,,,,
580282,,TTNU8094318,0,CRMOB,ITLIV/ESALG,Unchecked,,,13.9,13.8,,14.2,,,,,,,,,,
100188,,CGMU9332061,0,CRMOB,ITLIV/CRMOB,Checked,,,13.9,13.4,,14.07,,,,,,,,,,
220282,,CXRU1625750,0,CRMOB,ITLIV/LKCMB,Unchecked,,,13.9,13.9,,14.9,,,,,,,,,,
500184,,TRIU8110007,0,CRMOB,ITLIV/CRMOB,Unchecked,,,13.9,13.8,,14,,,,,,,,,,
340984,,APRU6135118,0,CRMOB,ITLIV/CRMOB,Unchecked,,,13.9,13.8,,14.1,,,,,,,,,,
341182,,SZLU9022750,0,CRMOB,ITLIV/CRMOB,Unchecked,,,13.9,14.1,,13.9,,,,,,,,,,
341682,,TGHU9945793,0,CRMOB,ITLIV/CRMOB,Unchecked,,,13.9,13.9,,14.2,,,,,,,,,,
261682,,TRIU8781197,0,CRMOB,ITLIV/LKCMB,Unchecked,,,13.9,14,,14.3,,,,,,,,,,
100388,,CGMU4833498,0,CRMOB,ITLIV/CRMOB,Unchecked,,,13.9,13.9,,14.8,,,,,,,,,,
380284,,APRU5819440,0,CRMOB,ITLIV/ESALG,Unchecked,,,13.9,14.1,,14.2,,,,,,,,,,
341282,,TCLU1066058,0,CRMOB,ITLIV/CRMOB,Unchecked,,,13.9,13.8,,14,,,0,,,,0,25.5,,
260782,,TRIU8764477,0,CRMOB,ITLIV/CRMOB,Unchecked,,,13.9,14,,14.2,,,,,,,,,,
501284,,AXIU6106038,0,CRMOB,ITLIV/MACAS,Unchecked,,,13.9,14.1,,14.2,,,,,,,,,,
500284,,CXRU1191550,0,CRMOB,ITLIV/ESALG,Unchecked,,,13.9,13.8,,14,,,,,,,,,,
260104,,CRSU6157879,0,CRMOB,ESBCN/CRMOB,Unchecked,,,13.9,13.7,,14.2,,,,,,,,,,
260102,,TRIU8884106,0,CRMOB,ESBCN/CRMOB,Unchecked,,,13.9,14.1,,14.4,,,,,,,,,,
100284,,TRIU8855999,0,CRMOB,ITLIV/VEPBL,Unchecked,,,13.9,13.2,,14.1,,,,,,,,,,
580082,,CGMU9348767,0,CRMOB,ITLIV/ESALG,Checked,,,13.9,15.3,,14.89,,,,,,,,,,
260306,,TEMU9007660,0,CRMOB,ESBCN/CRMOB,Unchecked,,,13.9,13.7,,14.3,,,,,,,,,,
580582,,CRSU6103384,0,CRMOB,ITLIV/CRMOB,Checked,,,13.9,14.67,,14.77,,,,,,,,,,
140582,,TRIU8659255,0,CRMOB,ITLIV/CRMOB,Unchecked,,,13.9,13.8,,14.3,,,,,,,,,,
260302,,SZLU9628979,0,CRMOB,ESBCN/CRMOB,Unchecked,,,13.9,13.6,,14.3,,,,,,,,,,
260310,,CXRU1383506,0,CRMOB,ESBCN/CRMOB,Unchecked,,,13.9,13.8,,14.1,,,,,,,,,,
340784,,TRIU8728187,0,CRMOB,ITLIV/LKCMB,Unchecked,,,13.9,13.9,,14.3,,,,,,,,,,
100086,,TRIU8939702,0,CRMOB,ITLIV/MAAGA,Unchecked,,,13.9,14.1,,14.8,,,,,,,,,,
340882,,TTNU8274032,0,CRMOB,ITLIV/CRMOB,Unchecked,,,13.9,14,,14.6,,,,,,,,,,
100484,,APRU5805940,0,CRMOB,ITLIV/CRMOB,Unchecked,,,13.9,14,,14.6,,,,,,,,,,
220082,,APRU6102177,0,CRMOB,ITLIV/CRMOB,Unchecked,,,13.9,13.9,,14.6,,,,,,,,,,
580382,,TRIU8971279,0,CRMOB,ITLIV/USHOU,Unchecked,,,13.9,14.3,,14.1,,,,,,,,,,
581582,,SEGU9134530,0,CRMOB,ITLIV/BRPNG,Unchecked,,,13.9,13.9,,14.2,,,,,,,,,,
500282,,TEMU9117117,0,CRMOB,ITLIV/CRMOB,Checked,,,6.5,6.5,,7.4,,,,,,,,,,
260982,,CAIU5460037,0,CRMOB,ITLIV/CRMOB,Unchecked,,,6.5,6.4,,6.8,,,,,,,,,,
380382,,TCLU1199282,0,CRMOB,ITLIV/ESALG,Unchecked,,,6.5,6.6,,6.9,,,,,,,,,,
501684,,TCLU1200212,0,CRMOB,ITLIV/CRMOB,Unchecked,,,13.3,13.4,,13.7,,,,,,,,,,
380484,,CXRU1316663,0,CRMOB,ITLIV/BRPNG,Unchecked,,,6.5,6.2,,6.7,,,,,,,,,,
501384,,SEGU9002868,0,CRMOB,ITLIV/CRMOB,Unchecked,,,13.3,13.6,,13.8,,,,,,,,,,
500682,,SEGU9005168,0,CRMOB,ITLIV/CRMOB,Unchecked,,,13.3,13.3,,13.5,,,,,,,,,,
501584,,SEGU9046151,0,CRMOB,ITLIV/CRMOB,Unchecked,,,7.2,6.9,,7.8,,,,,,,,,,
100288,,TLLU1049336,0,CRMOB,ITLIV/CRMOB,Unchecked,,,6.5,6.4,,6.9,,,,,,,,,,
261684,,TLLU1050110,0,CRMOB,ITLIV/CRMOB,Unchecked,,,13.3,13.3,,13.6,,,,,,,,,,
500584,,CAIU5460490,0,CRMOB,ITLIV/USHOU,Unchecked,,,6.5,6.5,,6.8,,,,,,,,,,
380386,,TCLU1383392,0,CRMOB,ITLIV/CRMOB,Unchecked,,,6.5,6.3,,6.6,,,,,,,,,,
261182,,TCLU1054205,0,CRMOB,ITLIV/CRMOB,Unchecked,,,13.3,13.4,,13.6,,,,,,,,,,
220382,,GESU9588076,0,CRMOB,ITLIV/CRMOB,Unchecked,,,6.5,6.4,,6.8,,,,,,,,,,
261282,,GESU9588651,0,CRMOB,ITLIV/CRMOB,Unchecked,,,13.3,13.4,,13.8,,,,,,,,,,
100482,,TCLU1200146,0,CRMOB,ITLIV/CRMOB,Unchecked,,,13.3,13.1,,13.7,,,,,,,,,,
500684,,TRLU1729484,0,CRMOB,ITLIV/CRMOB,Unchecked,,,6.5,6.4,,6.7,,,,,,,,,,
500082,,CXRU1385598,0,CRMOB,ITLIV/MXZLO,Unchecked,,,13.3,13,,13.5,,,,,,,,,,
260784,,CXRU1385900,0,CRMOB,ITLIV/CRMOB,Unchecked,,,6.5,6.7,,6.7,,,,,,,,,,
500882,,CXRU1386470,0,CRMOB,ITLIV/CRMOB,Unchecked,,,13.3,13.1,,13.5,,,,,,,,,,
140182,,CXRU1528934,0,CRMOB,ESVLC/CRMOB,Unchecked,,,-23,-23,,-22.8,,,,,,,,,,
341584,,CXRU1258947,0,CRMOB,ITLIV/CRMOB/ITLIV,Unchecked,,,6.5,6.5,,6.7,,,,,,,,,,
500084,,CXRU1315667,0,CRMOB,ITLIV/CRMOB,Unchecked,,,13.3,13.4,,13.8,,,,,,,,,,
500984,,GESU9360888,0,CRMOB,ITLIV/CRMOB,Unchecked,,,13.3,13.4,,13.7,,,,,,,,,,
500782,,GESU9371692,0,CRMOB,ITLIV/CRMOB,Unchecked,,,13.3,12.7,,14,,,,,,,,,,
501082,,TCLU1331378,0,CRMOB,ITLIV/CRMOB,Unchecked,,,13.3,13.3,,13.7,,,,,,,,,,
501182,,TTNU8986799,0,CRMOB,ITLIV/CRMOB,Unchecked,,,13.3,13,,13.3,,,,,,,,,,
500482,,CGMU5227807,0,CRMOB,ITLIV/CRMOB,Checked,,,6.5,6.7,,7.4,,,,,,,,,,
260682,,BMOU9878473,0,CRMOB,ITLIV/CRMOB,Unchecked,,,13.3,13.6,,13.8,,,,,,,,,,
501184,,MFTU8192797,0,CRMOB,ITLIV/CRMOB,Unchecked,,,13.3,12.8,,13.8,,,,,,,,,,
100488,,BMOU9878766,0,CRMOB,ITLIV/BRIOA,Unchecked,,,13.3,13.3,,13.8,,,,,,,,,,
500484,,MFTU8191785,0,CRMOB,ITLIV/CRMOB,Unchecked,,,10,10.2,,10.7,,,,,,,,,,
380182,,MFTU8192035,0,CRMOB,ITLIV/CRMOB,Unchecked,,,13.3,13,,13.6,,,,,,,,,,
380082,,MFTU8190829,0,CRMOB,ITLIV/CRMOB,Unchecked,,,13.3,13.2,,13.7,,,,,,,,,,
380086,,MFTU8190876,0,CRMOB,ITLIV/CRMOB,Unchecked,,,13.3,13.5,,13.6,,,,,,,,,,
580682,,MFTU8192170,0,CRMOB,ITLIV/USHOU,Unchecked,,,9,9.6,,9.4,,,,,,,,,,
140282,,MFTU8190460,0,CRMOB,ESVLC/CRMOB,Unchecked,,,-18,-17.8,,-18.8,,,,,,,,,,
380286,,CGMU5425931,0,CRMOB,ITLIV/CRMOB,Checked,,,6.5,6.62,,6.54,,,,,,,,,,
260584,,APRU5759589,0,CRMOB,ITLIV/CRMOB,Unchecked,,,6.5,6.2,,6.6,,,,,,,,,,
340786,,CGMU5379667,0,CRMOB,ITLIV/CRMOB,Unchecked,,,6.5,6.3,,7.6,,,,,,,,,,
340684,,SEGU9768895,0,CRMOB,ITLIV/CRMOB,Unchecked,,,13.3,13.1,,13.8,,,,,,,,,,
380184,,SEGU9741894,0,CRMOB,ITLIV/CRMOB,Unchecked,,,13.3,13.8,,13.6,,,,,,,,,,
140386,,SEGU9745842,0,CRMOB,ESVLC/CRMOB,Unchecked,,,-23,-22.9,,-24.1,,,,,,,,,,
140186,,SEGU9746089,0,CRMOB,ESVLC/USHOU,Unchecked,,,-18,-18.2,,-19.2,,,,,,,,,,
261482,,SEGU9769042,0,CRMOB,ITLIV/MAAGA,Unchecked,,,6.5,6.2,,6.7,,,,,,,,,,
140082,,CXRU1066902,0,CRMOB,ESVLC/CRMOB,Checked,,,-23,-23.5,,-23.38,,,,,,,,,,
180808,,CGMU7503102,0,CRMOB,ITGOA/CRMOB,Unchecked,,,6.5,6.2,,6.8,,,,,,,,,,
140384,,SEGU9742695,0,CRMOB,ESVLC/CRMOB,Unchecked,,,-23,-23.2,,-23.7,,,,,,,,,,
501682,,SEGU9739958,0,CRMOB,ITLIV/CRMOB,Unchecked,,,13.3,13.2,,13.6,,,,,,,,,,
100386,,APRU5786080,0,CRMOB,ITLIV/CRMOB,Unchecked,,,13.5,13.6,,13.7,,,,,,,,,,
140382,,CGMU5507958,0,CRMOB,ESVLC/CRMOB,Checked,,,-23,-24.21,,-23.71,,,,,,,,,,
261086,,CGMU9404069,0,CRMOB,ITLIV/USHOU,Unchecked,,,6.5,6.2,,6.3,,,,,,,,,,
500784,,TLLU1160951,0,CRMOB,ITLIV/CRMOB,Unchecked,,,9,8.7,,9.9,,,,,,,,,,
260582,,MGNU3304620,0,CRMOB,ITLIV/CRMOB,Unchecked,,,13.5,13.4,,13.8,,,,,,,,,,
100182,,SEGU9712181,0,CRMOB,ITLIV/CISPY,Unchecked,,,13.3,13.5,,13.8,,,,,,,,,,
341082,,CGMU5504394,0,CRMOB,ITLIV/CRMOB,Unchecked,,,6.5,6.3,,6.4,,,,,,,,,,
180804,,TRLU1720086,0,CRMOB,ITGOA/CRMOB,Unchecked,,,6.5,6.7,,7.2,,,,,,,,,,
140188,,CGMU5408364,0,CRMOB,ESVLC/CRMOB,Checked,,,-23,-25.3,,-22.4,,,,,,,,,,
340686,,SEGU9541978,0,CRMOB,ITLIV/CRMOB,Unchecked,,,6.5,6.8,,7.1,,,,,,,,,,
261484,,CGMU5351037,0,CRMOB,ITLIV/CRMOB,Unchecked,,,6.5,6.7,,6.9,,,,,,,,,,
540582,,CRSU6152732,0,CRMOB,FRMRS/CRMOB,Unchecked,,,6.5,6.6,,6.8,,,,,,,,,,
261382,,CGMU5235910,0,CRMOB,ITLIV/CRMOB,Unchecked,,,6.5,6.6,,6.3,,,,,,,,,,
340682,,CGMU5121461,0,CRMOB,ITLIV/CRMOB,Unchecked,,,6.5,6.5,,7.4,,,,,,,,,,
220484,,CGMU5416204,0,CRMOB,ITLIV/CRMOB,Unchecked,,,10,10.1,,10.4,,,,,,,,,,
100584,,CGMU5455561,0,CRMOB,ITLIV/USHOU,Unchecked,,,6.5,6.1,,6.9,,,,,,,,,,
100682,,CGMU9410776,0,CRMOB,ITLIV/USHOU,Unchecked,,,6.5,6.5,,6.7,,,,,,,,,,
340586,,CGMU5417807,0,CRMOB,ITLIV/USHOU,Unchecked,,,6.5,6.4,,7.1,,,,,,,,,,
100486,,CGMU5255584,0,CRMOB,ITLIV/CRMOB,Checked,,,10,10.37,,10.39,,,,,,,,,,
501382,,TTNU8652390,0,CRMOB,ITLIV/VEPBL,Checked,,,6.5,6.59,,6.48,,,,,,,,,,
501582,,TRIU8561211,0,CRMOB,ITLIV/CRMOB,Unchecked,,,6.9,6.5,,6.8,,,,,,,,,,
260882,,SZLU9894433,0,CRMOB,ITLIV/CRMOB,Unchecked,,,6.5,6.5,,7.2,,,,,,,,,,
500982,,CGMU5461836,0,CRMOB,ITLIV/CRMOB,Checked,,,6.5,6.7,,6.8,,,,,,,,,,
380384,,TCLU1216944,0,CRMOB,ITLIV/USHOU,Unchecked,,,6.5,6.3,,6.7,,,,,,,,,,
260984,,SZLU9894990,0,CRMOB,ITLIV/BRSSZ,Unchecked,,,6.5,6.4,,7.4,,,,,,,,,,
340986,,AMCU9276040,1,CRMOB,ITLIV/CRMOB,Unchecked,,,6.5,6.6,,6.6,,,,,,,,,,
500582,,CGMU5505894,0,CRMOB,ITLIV/LRMLW,Checked,,,6.6,6.78,,6.9,,,,,,,,,,
261582,,SEGU9002446,0,CRMOB,ITLIV/CRMOB,Unchecked,,,6.5,6.4,,6.9,,,,,,,,,,
500884,,GESU9279164,0,CRMOB,ITLIV/CRMOB,Unchecked,,,6.5,6.6,,6.8,,,,,,,,,,
580182,,TCLU1160233,0,CRMOB,ITLIV/CRMOB,Unchecked,,,6.5,6.5,,6.7,,,,,,,,,,
380482,,SEGU9028179,0,CRMOB,ITLIV/CRMOB,Unchecked,,,6.5,6.3,,7,,,,,,,,,,
100286,,GESU9586751,0,CRMOB,ITLIV/CRMOB,Unchecked,,,13.3,13.3,,13.4,,,,,,,,,,
261082,,CXRU1256380,0,CRMOB,ITLIV/CRMOB,Unchecked,,,6.5,6.3,,6.7,,,,,,,,,,
100684,,CXRU1316555,0,CRMOB,ITLIV/CRMOB,Unchecked,,,6.5,6.1,,7,,,,,,,,,,
180810,,CXRU1318075,0,CRMOB,ITGOA/CRMOB,Unchecked,,,6.5,6.3,,6.8,,,,,,,,,,
380486,,GESU9343324,0,CRMOB,ITLIV/CRMOB,Unchecked,,,6.5,6.3,,6.9,,,,,,,,,,
141382,,BMOU9878940,0,CRMOB,ITLIV/CRMOB,Unchecked,,,10,10.5,,10.8,,,,,,,,,,
501282,,BMOU9879119,0,CRMOB,ITLIV/CRMOB,Unchecked,,,6.5,6.2,,6.7,,,,,,,,,,
380282,,SEGU9743460,0,CRMOB,ITLIV/USHOU,Unchecked,,,6.5,6.3,,6.7,,,,,,,,,,
060086(*),,SZLU9893632,0,CRMOB,MTMLA/CRMOB,Checked,,,13.2,13.3,,14.4,,,,,,,,,,
101382,,GESU9553969,0,CRMOB,ITLIV/XXXXX,Checked,,,13.5,13.14,,13.63,,,,,,,,,,
140184,,CGMU9385101,0,CRMOB,ESVLC/CRMOB,Checked,,,16,15.66,,16.05,,,,,,,,,,
380186,,TTNU8695690,0,CRMOB,ITLIV/CRMOB,Checked,,,13.5,13.5,,13.63,,,0,,,,0,25.5,,
141182,,CAIU5462847,0,CRMOB,ITLIV/CRMOB,Unchecked,,,13.3,13.3,,13.8,,,,,,,,,,
101386,,TRIU8120854,0,COCTG,ITLIV/CRMOB/ITLIV,Unchecked,,,14,13.7,,15.1,,,,,,,,,,
300584,,TTNU8261483,0,COCTG,ITLIV/CRMOB/ITLIV,Unchecked,,,13,12.8,,13,,,,,,,,,,
101288,,SEGU9046300,0,COCTG,ITLIV/CRMOB/ITLIV,Unchecked,,,13,13.6,,14,,,,,,,,,,
340982,,CGMU5098382,0,COCTG,ITLIV/CRMOB/ITLIV,Unchecked,,,13.8,13.6,,14.1,,,,,,,,,,
260786,,TRIU8161724,0,COCTG,ITLIV/CRMOB/ITLIV,Unchecked,,,14,13.9,,14.2,,,,,,,,,,
341582,,TCLU1145223,0,COCTG,ITLIV/CRMOB/ITLIV,Unchecked,,,14,14.3,,14.4,,,,,,,,,,
341086,,APRU6119858,0,COCTG,ITLIV/CRMOB/ITLIV,Unchecked,,,14,13.8,,14.2,,,,,,,,,,
220386,,CGMU5010658,0,COCTG,ITLIV/CRMOB/ITLIV,Unchecked,,,14,13.8,,14.2,,,,,,,,,,
101488,,CGMU5424880,0,COCTG,ITLIV/MAAGA/ITLIV,Checked,,,13.6,12.97,,13.65,,,,,,,,,,
220384,,CRXU6942554,0,COCTG,ITLIV/CRMOB/ITLIV,Unchecked,,,13,12.7,,13.2,,,,,,,,,,
101484,,TEMU9114170,0,COCTG,ITLIV/BRSSZ/ITLIV,Unchecked,,,-1,-1.2,,-0.8,,,,,,,,,,
420502,,CGMU9296365,0,COCTG,ESBCN/PAMIT/ESBCN,Checked,,,-0.5,-0.5,,-0.1,,,,,,,,,,
420504,,TTNU8684850,0,COCTG,ESBCN/PAMIT/ESBCN,Unchecked,,,-1,-1.2,,-1.5,,,,,,,,,,
101284,,SZLU9625901,0,COCTG,ITLIV/CRMOB/ITLIV,Unchecked,,,-1,-0.8,,-0.7,,,,,,,,,,
460288,,CGMU4918717,0,COCTG,ESVLC/VEPBL/ESVLC,Checked,,,-20,-19.51,,-20.03,,,,,,,,,,
100982,,TRIU8731853,0,COCTG,ITLIV/BRSSZ/ITLIV,Unchecked,,,-1,-1.2,,-1.9,,,,,,,,,,
100084,,TTNU8093712,0,COCTG,ITLIV/ESCYQ/ITLIV,Unchecked,,,14,14.4,,15.3,,,,,,,,,,
341482,,ATKU4110823,0,COCTG,ITLIV/CRMOB/ITLIV,Unchecked,,,14,14,,14.1,,,,,,,,,,
581282,,CGMU9301055,0,COCTG,ITGOA/CRMOB/ITGOA,Checked,,,13.8,14.99,,14.73,,,,,,,,,,
101282,,TRLU1742660,0,COCTG,ITLIV/CRMOB/ITLIV,Unchecked,,,13,13.1,,13.9,,,,,,,,,,
300582,,SEGU9534536,0,COCTG,ITLIV/CRMOB/ITLIV,Unchecked,,,13.3,13.3,,13.7,,,,,,,,,,
220286,,CGMU6549562,0,COCTG,ITLIV/CRMOB/ITLIV,Unchecked,,,14,13.6,,14,,,,,,,,,,
100582,,BMOU9745486,0,COCTG,ITLIV/CISPY/ITLIV,Unchecked,,,13,13.2,,13.7,,,,,,,,,,
220486,,APRU5706779,0,COCTG,ITLIV/CRMOB/ITLIV,Unchecked,,,14,14.4,,14,,,,,,,,,,
260586,,APRU5761987,0,COCTG,ITLIV/CRMOB/ITLIV,Unchecked,,,14,14.4,,14.1,,,,,,,,,,
101588,,CRSU6152199,0,COCTG,ITLIV/ESCYQ/ITLIV,Unchecked,,,14,13.9,,14.7,,,,,,,,,,
100588,,APRU5784982,0,COCTG,ITLIV/VEPBL/ITLIV,Unchecked,,,14,13.7,,15.1,,,,,,,,,,
260886,,CGMU5036945,0,COCTG,ITLIV/CRMOB/ITLIV,Unchecked,,,13.6,13.8,,14.4,,,,,,,,,,
100884,,APRU5715847,0,COCTG,ITLIV/CRMOB/ITLIV,Unchecked,,,13,13.3,,14,,,,,,,,,,
300784,,TEMU9065013,0,COCTG,ITLIV/CRMOB/ITLIV,Unchecked,,,13,13.1,,13.3,,,,,,,,,,
100886,,HJCU6104957,0,COCTG,ITLIV/NICIO/ITLIV,Unchecked,,,14,13.8,,15,,,,,,,,,,
581682,,TTNU8637971,0,COCTG,ITGOA/MAAGA/ITGOA,Checked,,,14.38,14.56,,14.69,,,3,2.9,,,5,4.6,,
580982,,TTNU8264369,0,COCTG,ITLIV/CRMOB/ITLIV,Unchecked,,,13,13,,13.6,,,,,,,,,,
101586,,APRU5837085,0,COCTG,ITLIV/MAAGA/ITLIV,Unchecked,,,14,14.1,,14.7,,,,,,,,,,
61682,,CGMU5297321,0,COCTG,ESVLC/CRMOB/ESVLC,Checked,,,-20,-24.1,,-18.9,,,,,,,,,,
341484,,CHIU9008966,0,COCTG,ITLIV/CRMOB/ITLIV,Unchecked,,,14,14.1,,14.3,,,,,,,,,,
100384,,TTNU8082662,0,COCTG,ITLIV/CRMOB/ITLIV,Unchecked,,,-1,-0.8,,-0.6,,,,,,,,,,
101688,,TTNU8632687,0,COCTG,ITLIV/MAAGA/ITLIV,Checked,,,-0.69,-0.63,,-0.38,,,0,21,,,0,25.5,,
220086,,CGMU6517518,0,COCTG,ITLIV/CRMOB/ITLIV,Unchecked,,,13.6,14,,13.9,,,,,,,,,,
101184,,CGMU9294655,0,COCTG,ITLIV/BRSSZ/ITLIV,Checked,,,13.3,13.3,,13.6,,,,,,,,,,
220084,,APRU5720545,0,COCTG,ITLIV/CRMOB/ITLIV,Unchecked,,,13,12.8,,13.4,,,,,,,,,,
101682,,TRIU8674265,0,COCTG,ITLIV/CRMOB/ITLIV,Unchecked,,,14,14.2,,15,,,,,,,,,,
101188,,AMCU9263320,0,COCTG,ITLIV/ESCYQ/ITLIV,Checked,,,13.88,14.13,,14.19,,,,,,,,,,
220186,,TRIU8189681,0,COCTG,ITLIV/CRMOB/ITLIV,Unchecked,,,14,14,,14,,,,,,,,,,
300782,,CXRU1361050,0,COCTG,ITLIV/CRMOB/ITLIV,Unchecked,,,13,13,,13.5,,,,,,,,,,
300682,,CGMU4951823,0,COCTG,ITLIV/CRMOB/ITLIV,Unchecked,,,13.3,13.4,,14,,,,,,,,,,
261284,,TEMU9349576,0,COCTG,ITLIV/CRMOB/ITLIV,Unchecked,,,14,13.8,,14.3,,,,,,,,,,
101082,,CRSU6094765,0,COCTG,ITLIV/BRSSZ/ITLIV,Unchecked,,,13,12.9,,14,,,,,,,,,,
581182,,CRSU6104288,0,COCTG,ITLIV/USHOU/ITLIV,Unchecked,,,13,13.2,,13.7,,,,,,,,,,
101482,,TCLU1305492,0,COCTG,ITLIV/CRMOB/ITLIV,Checked,,,13.31,13.44,,13.69,,,0,,,,0,25.5,,
21282,,CRLU1409421,0,COCTG,ESVLC/MAAGA/ESVLC,Unchecked,,,8,8,,8.5,,,,,,,,,,
341284,,CGMU5012060,0,COCTG,ITLIV/CRMOB/ITLIV,Unchecked,,,13.9,13.7,,14.4,,,,,,,,,,
100988,,APRU5815316,0,COCTG,ITLIV/CRMOB/ITLIV,Unchecked,,,10,9.7,,11,,,,,,,,,,
101486,,CRSU6113802,0,COCTG,ITLIV/MAAGA/ITLIV,Checked,,,13.3,13.24,,13.77,,,,,,,,,,
460284,,CGMU9322660,0,COCTG,ESVLC/VEPBL/ESVLC,Unchecked,,,8,7.9,,8.8,,,,,,,,,,
101686,,FSCU5967100,0,COCTG,ITLIV/MAAGA/ITLIV,Unchecked,,,-1,-1.3,,-0.5,,,,,,,,,,
460282,,SEGU9943262,0,COCTG,ESVLC/MAAGA/ESVLC,Unchecked,,,13,13.1,,13.6,,,,,,,,,,
220184,,TCLU1270610,0,COCTG,ITLIV/CRMOB/ITLIV,Unchecked,,,13,13.5,,13.3,,,,,,,,,,
341084,,APRU6131534,0,COCTG,ITLIV/CRMOB/ITLIV,Unchecked,,,14,13.9,,14.1,,,,,,,,,,
101182,,CGMU5051195,0,COCTG,ITLIV/CRMOB/ITLIV,Checked,,,13.6,13.64,,13.9,,,,,,,,,,
101584,,CGMU5366870,0,COCTG,ITLIV/CRMOB/ITLIV,Checked,,,-0.5,0.09,,-0.4,,,,,,,,,,
101684,,APRU5853764,0,COCTG,ITLIV/ESCYQ/ITLIV,Unchecked,,,14,14.2,,15,,,,,,,,,,
100984,,CGMU9295230,0,COCTG,ITLIV/NICIO/ITLIV,Checked,,,13.6,13.6,,13.9,,,,,,,,,,
340884,,TTNU8278613,0,COCTG,ITLIV/CRMOB/ITLIV,Unchecked,,,14,13.8,,13.8,,,,,,,,,,
341184,,TRIU8500366,0,COCTG,ITLIV/CRMOB/ITLIV,Unchecked,,,14,13.9,,14.2,,,,,,,,,,
100686,,TRIU8518365,0,COCTG,ITLIV/CRMOB/ITLIV,Unchecked,,,13,13.2,,14.7,,,,,,,,,,
61582,,GESU9567622,0,COCTG,ESVLC/MAAGA/ESVLC,Unchecked,,,13,13.1,,14,,,,,,,,,,
100782,,CGMU6900466,0,COCTG,ITLIV/CRMOB/ITLIV,Checked,,,-0.7,-0.7,,0,,,,,,,,,,
101286,,TTNU8309669,0,COCTG,ITLIV/BRVCO/ITLIV,Unchecked,,,13,13.2,,14.3,,,,,,,,,,
261084,,CXRU1360563,0,COCTG,ITLIV/CRMOB/ITLIV,Unchecked,,,13,13.3,,13.3,,,,,,,,,,
101088,,CRSU6112621,0,COCTG,ITLIV/MAAGA/ITLIV,Unchecked,,,14,13.7,,15.2,,,,,,,,,,
220284,,CGMU9287851,0,COCTG,ITLIV/CRMOB/ITLIV,Unchecked,,,13,13.6,,13.1,,,,,,,,,,
581482,,CGMU5440875,0,COCTG,ITGOA/MAAGA/ITGOA,Unchecked,,,14,14.8,,14.1,,,,,,,,,,
580782,,CGMU5083079,0,COCTG,ITLIV/MQFDF/ITLIV,Checked,,,13.3,14.47,,14.24,,,,,,,,,,
260684,,CGMU9324174,0,COCTG,ITLIV/CRMOB/ITLIV,Unchecked,,,13.6,13.8,,13.6,,,,,,,,,,
100382,,CAIU5540662,0,COCTG,ITLIV/LRMLW/ITLIV,Unchecked,,,14,13.8,,15.3,,,,,,,,,,
100186,,TCLU1369291,0,COCTG,ITLIV/CISPY/ITLIV,Unchecked,,,13,12.7,,14.2,,,,,,,,,,
340584,,TCLU1312850,0,COCTG,ITLIV/MAAGA/ITLIV,Unchecked,,,13,13,,13.3,,,,,,,,,,
100586,,TRIU8622195,0,COCTG,ITLIV/ESCYQ/ITLIV,Unchecked,,,10,9.7,,10.8,,,,,,,,,,
101084,,SZLU9022493,0,COCTG,ITLIV/NICIO/ITLIV,Unchecked,,,13,12.8,,14.3,,,,,,,,,,
581382,,TRIU8765724,0,COCTG,ITLIV/CRMOB/ITLIV,Unchecked,,,13,12.9,,13.3,,,,,,,,,,
101384,,APRU5705556,0,COCTG,ITLIV/CRMOB/ITLIV,Unchecked,,,-1,-0.8,,-0.4,,,,,,,,,,
101388,,TTNU8225660,0,COCTG,ITLIV/CRMOB/ITLIV,Unchecked,,,13,12.9,,14.1,,,,,,,,,,
341684,,CAIU5533112,0,COCTG,ITLIV/CRMOB/ITLIV,Unchecked,,,14,13.8,,14.1,,,,,,,,,,
260884,,CGMU5129755,0,COCTG,ITLIV/CRMOB/ITLIV,Unchecked,,,13.6,13.4,,14.4,,,,,,,,,,
101186,,TGHU9945999,0,COCTG,ITLIV/MAAGA/ITLIV,Unchecked,,,14,14.1,,15.4,,,,,,,,,,
100282,,TEMU9087584,0,COCTG,ITLIV/CRMOB/ITLIV,Checked,,,13.3,13.3,,13.8,,,,,,,,,,
100788,,SZLU9626997,0,COCTG,ITLIV/MAAGA/ITLIV,Unchecked,,,14,14.1,,15.1,,,,,,,,,,
101582,,TRIU8310392,1,COCTG,ITLIV/CRMOB/ITLIV,Checked,,,13.6,13.6,,14.3,,,,,,,,,,
100688,,TCLU1075574,0,COCTG,ITLIV/VEPBL/ITLIV,Unchecked,,,14,13.7,,15.1,,,,,,,,,,
341186,,TCLU1338515,0,COCTG,ITLIV/USHOU/ITLIV,Unchecked,,,14,13.9,,14.4,,,,,,,,,,
100184,,TCLU1242141,0,COCTG,ITLIV/ESCYQ/ITLIV,Unchecked,,,5,4.8,,6.1,,,,,,,,,,
100986,,SZLU9018404,0,COCTG,ITLIV/MAAGA/ITLIV,Unchecked,,,14,13.7,,15.2,,,,,,,,,,
261584,,APRU5793979,0,COCTG,ITLIV/CRMOB/ITLIV,Unchecked,,,14,14.1,,14.4,,,,,,,,,,
260686,,CSFU3308822,0,COCTG,ITLIV/CRMOB/ITLIV,Unchecked,,,14,13.9,,14.4,,,,,,,,,,
341382,,APRU5791071,0,COCTG,ITLIV/CRMOB/ITLIV,Unchecked,,,14,13.6,,14.1,,,,,,,,,,
100882,,TLLU1048900,0,COCTG,ITLIV/CRMOB/ITLIV,Checked,,,-1,-1.06,,-0.44,,,0,,,,0,25.5,,
100888,,TRIU8133722,0,COCTG,ITLIV/CRMOB/ITLIV,Unchecked,,,-1,-0.9,,-0.5,,,,,,,,,,
300684,,TTNU8094771,0,COCTG,ITLIV/CRMOB/ITLIV,Unchecked,,,13,13,,13.3,,,,,,,,,,
101086,,CGMU9286407,0,COCTG,ITLIV/MAAGA/ITLIV,Unchecked,,,13.6,13.57,,14.02,,,,,,,,,,
581082,,CGMU6513390,0,COCTG,ITGOA/MAAGA/ITGOA,Checked,,,13.81,13.88,,14.63,,,,,,,,,,
340782,,BMOU9714989,0,COCTG,ITLIV/CRMOB/ITLIV,Unchecked,,,14,14,,14.2,,,,,,,,,,
540082,,APRU5845060,0,ESALG,ESVLC/MAAGA/ESVLC,Unchecked,,,-20,-22.2,,-20.2,,,,,,,,,,
340082,,APRU5853996,0,ESALG,ITLIV/MAAGA/ITSAL,Unchecked,,,-20,-23.1,,-20.4,,,,,,,,,,
430584,,CGMU2989326,0,ESALG,GPPTP/BRFOR/GPPTP,Checked,,,-18,-22.49,,-18.03,,,,,,,,,,
190986,,CGMU3068033,0,ESALG,ITGOA/MAAGA/ITGOA,Checked,,,-20,-25.49,,-20.53,,,,,,,,,,
061086(*),,CGMU5051894,0,ESALG,MTMLA/CNSHA,Checked,,,-20,-24.16,,-20.26,,,,,,,,,,
180812,,CGMU5078051,0,ESALG,ITGOA/USHOU/ITGOA,Checked,,,-20,-23.15,,-20.26,,,,,,,,,,
260610(*),,CGMU5123593,0,ESALG,MTMLA,Checked,,,-22,-27.9,,-21.6,,,,,,,,,,
061486(*),,CGMU5145268,0,ESALG,MTMLA/CNSHA,Checked,,,-20,-27.7,,-20.2,,,,,,,,,,
340484,,CGMU5289218,0,ESALG,ITLIV/CRMOB/ITLIV,Checked,,,-20,-19.9,,-19.5,,,,,,,,,,
060686(*),,CGMU5291365,0,ESALG,MTMLA/CNSHA,Checked,,,-20,-19.5,,-19.5,,,,,,,,,,
061482(*),,CGMU5418510,0,ESALG,MTMLA/MEBAR,Checked,,,-22,-24.5,,-21.2,,,,,,,,,,
540482,,CGMU5420544,0,ESALG,ESVLC/NGAPP/ESVLC,Checked,,,-20,-19.2,,-19.3,,,,,,,,,,
061284(*),,CGMU5445460,0,ESALG,MTMLA/CNTXG,Checked,,,-20,-23.4,,-18.9,,,,,,,,,,
061084(*),,CGMU5446770,0,ESALG,MTMLA/CNSHA,Checked,,,-20,-24.4,,-20,,,,,,,,,,
060486(*),,CGMU5551288,0,ESALG,MTMLA/CNSHA,Checked,,,-20,-19.5,,-18.8,,,,,,,,,,
260408,,CGMU9296468,0,ESALG,ITGOA/ESCYQ/ITGOA,Unchecked,,,-20,-22.3,,-20.4,,,,,,,,,,
061484(*),,CGMU9310015,0,ESALG,MTMLA/CNSHA,Checked,,,-20,-22.71,,-20.19,,,,,,,,,,
340482,,CGMU9408784,0,ESALG,ITLIV/MAAGA/ITNAP,Checked,,,-20,-23.24,,-19.66,,,,,,,,,,
550382,,CRSU5015870,0,ESALG,ESVLC/CRMOB/ESVLC,Unchecked,,,-20,-21.6,,-20.3,,,,,,,,,,
540182,,CXRU1628276,0,ESALG,ESVLC/LRMLW/ESVLC,Unchecked,,,-20,-21.3,,-20.3,,,,,,,,,,
340386,,DAYU6715946,0,ESALG,ITLIV/BRPNG,Unchecked,,,-23,-25,,-23.2,,,,,,,,,,
340284,,FCGU6127675,0,ESALG,ITLIV/CRMOB/ITLIV,Unchecked,,,-20,-22.1,,-20.1,,,,,,,,,,
340384,,SEGU9047944,0,ESALG,ITLIV/CRMOB,Unchecked,,,-23,-25.2,,-23.1,,,,,,,,,,
340084,,SEGU9159780,0,ESALG,ITLIV/SNDKR/ITSAL,Unchecked,,,-20,-21.6,,-20.3,,,,,,,,,,
260412,,SEGU9414633,0,ESALG,ITGOA/MAAGA/ITGOA,Checked,,,-20,-20.51,,-20.3,,,,,,,,,,
340184,,SEGU9547699,0,ESALG,ITLIV/SNDKR,Unchecked,,,-23,-24.9,,-23.1,,,,,,,,,,
420188(*),,SEGU9646599,1,ESALG,MTMLA,Unchecked,,,-22,-26.2,,-21.8,,,,,,,,,,
260410,,SZLU9893463,0,ESALG,ITGOA/MACAS/ITGOA,Checked,,,-20,-18.1,,-19.3,,,,,,,,,,
340282,,TCLU1145476,0,ESALG,ITLIV/BRSSZ/ITLIV,Unchecked,,,-20,-22.1,,-20.5,,,,,,,,,,
260406,,TCLU1146699,0,ESALG,ITGOA/CISPY/ITGOA,Unchecked,,,-20,-21.4,,-20.1,,,,,,,,,,
340186,,TCLU1345140,0,ESALG,ITLIV/SNDKR,Unchecked,,,-23,-24.3,,-23.2,,,,,,,,,,
180906,,TEMU9127352,0,ESALG,ITGOA/MAAGA/ITGOA,Unchecked,,,-20,-22.2,,-22.9,,,,,,,,,,
340382,,TEMU9252375,0,ESALG,ITLIV/MAAGA/ITLIV,Unchecked,,,-20,-23.2,,-21.3,,,,,,,,,,
540282,,TRIU8727220,0,ESALG,ESVLC/MAAGA/ESVLC,Unchecked,,,-20,-21.7,,-19.9,,,,,,,,,,
340086,,TTNU8523515,0,ESALG,ITLIV/SNDKR,Unchecked,,,-23,-23.8,,-23.1,,,,,,,,,,
340182,,TTNU8634993,0,ESALG,ITLIV/BRSSZ/ITLIV,Unchecked,,,-18,-19.3,,-18.5,,,,,,,,,,
340886,,TTNU8701788,0,ESALG,ITLIV/CRMOB/ITNAP,Unchecked,,,-20,-20.9,,-20,,,0,,,,0,25.5,,
,,CGMU5306911,1,,,Checked,,,3,2.9,,3.5,,,,,,,,,,
,,CGMU9354923,1,,,Checked,,,13.9,13.97,,14.45,,,,,,,,,,
,,CGMU5548392,1,,,Checked,,,7,7,,7.4,,,,,,,,,,
,,TCLU1340209,1,,,Checked,,,7,7,,8.1,,,,,,,,,,
,,CGMU5094026,1,,,Checked,,,10,10.02,,10.07,,,,,,,,,,
300184,,CGMU5247043,0,MTMLA,MXVER/LKCMB/MXVER,Indeterminate,,,,,,,,,,,,,,,,
300084,,CGMU5324710,0,MTMLA,MXVER/LKCMB/MXVER,Indeterminate,,,,,,,,,,,,,,,,
380982,,CGMU5506355,0,MTMLA,USHOU/LKCMB/USHOU,Indeterminate,,,,,,,,,,,,,,,,
310882,,CGMU3018813,0,MTMLA,JMKIN/BRITJ/VELAG,Indeterminate,,,,,,,,,,,,,,,,
260608,,APRU5724828,0,MTMLA,DOCAU/INHAL/DOCAU,Indeterminate,,,,,,,,,,,,,,,,
260610,,CGMU5291811,0,MTMLA,DOCAU/INHAL/DOCAU,Indeterminate,,,,,,,,,,,,,,,,
390782,,CGMU2988171,0,MTMLA,USHOU/INHAL/USHOU,Indeterminate,,,,,,,,,,,,,,,,
260612,,CGMU6525935,0,MTMLA,DOCAU/ITAOI/DOCAU,Indeterminate,,,,,,,,,,,,,,,,
300482,,TCLU1032607,0,MTMLA,MXVER/GRSKG/MXVER,Indeterminate,,,,,,,,,,,,,,,,
220882,,SEGU9538151,0,MTMLA,COCTG/UNOPT/ECGYE,Indeterminate,,,,,,,,,,,,,,,,
300382,,CGMU5287956,0,MTMLA,MXVER/AEJEA/MXVER,Indeterminate,,,,,,,,,,,,,,,,
300182,,CGMU5400640,0,MTMLA,MXVER/AEJEA/MXVER,Indeterminate,,,,,,,,,,,,,,,,
300082,,SEGU9541427,0,MTMLA,MXVER/AEJEA/MXVER,Indeterminate,,,,,,,,,,,,,,,,
300282,,SZLU9494490,0,MTMLA,MXVER/UNOPT/MXVER,Indeterminate,,,,,,,,,,,,,,,,
060284(*),,TEMU9574617,0,,,Checked,,,13.3,13.36,,13.35,,,,,,,,,,
060386(*),,CGMU5273741,0,,,Checked,,,,-20.11,,-20.28,,,,,,,,,,
